<?xml version="1.0" encoding="UTF-8"?>
<project-private xmlns="http://www.netbeans.org/ns/project-private/1">
    <editor-bookmarks xmlns="http://www.netbeans.org/ns/editor-bookmarks/2" lastBookmarkId="0"/>
    <open-files xmlns="http://www.netbeans.org/ns/projectui-open-files/2">
        <group>
            <file>file:/C:/Users/杨焕煜/Desktop/JavaBigHomework-master/src/catchtigerchess/ChessBoarder.java</file>
            <file>file:/C:/Users/杨焕煜/Desktop/JavaBigHomework-master/src/mouseclick/ChessClick.java</file>
            <file>file:/C:/Users/杨焕煜/Desktop/JavaBigHomework-master/src/catchtigerchess/ChessPieces.java</file>
            <file>file:/C:/Users/杨焕煜/Desktop/JavaBigHomework-master/src/config/Config.java</file>
            <file>file:/C:/Users/杨焕煜/Desktop/JavaBigHomework-master/src/catchtigerchess/PlayGame.java</file>
            <file>file:/C:/Users/杨焕煜/Desktop/JavaBigHomework-master/src/catchtigerchess/ChessWindow.java</file>
            <file>file:/C:/Users/杨焕煜/Desktop/JavaBigHomework-master/src/catchtigerchess/ChessBoardCanvas.java</file>
        </group>
    </open-files>
</project-private>
